file_name,source_modality,source_subject,target_modality,target_subject,split,evaluation_scope,shared_group,shared_only,candidate_count,source_checkpoint,target_checkpoint,forward_label,forward_reference_mode,forward_reference_two_way,forward_scope_reference_two_way,forward_full_reference_two_way,forward_top1,forward_top5,forward_two_way,forward_normalized_two_way,forward_normalized_two_way_full,reverse_label,reverse_reference_mode,reverse_reference_two_way,reverse_scope_reference_two_way,reverse_full_reference_two_way,reverse_top1,reverse_top5,reverse_two_way,reverse_normalized_two_way,reverse_normalized_two_way_full
eeg_sub01_to_meg_sub01_test.txt,eeg,1,meg,1,test,pair,shared-eeg-meg,True,200,checkpoints\experiments\brain-to-clip-v1\conversion\shared-eeg-meg\eeg\eeg_brainalign_sub01_best.pt,checkpoints\experiments\brain-to-clip-v1\conversion\shared-eeg-meg\meg\meg_brainalign_sub01_temporalcnn_best.pt,eeg_to_meg,matched_scope,75.68,75.68,nan,1.0,7.0,69.01,0.9118657505285412,nan,meg_to_eeg,matched_scope,83.9,83.9,nan,1.5,9.0,69.59,0.8294398092967818,nan
eeg_sub01_to_meg_sub02_test.txt,eeg,1,meg,2,test,pair,shared-eeg-meg,True,200,checkpoints\experiments\brain-to-clip-v1\conversion\shared-eeg-meg\eeg\eeg_brainalign_sub01_best.pt,checkpoints\experiments\brain-to-clip-v1\conversion\shared-eeg-meg\meg\meg_brainalign_sub02_temporalcnn_best.pt,eeg_to_meg,matched_scope,84.49,84.49,nan,4.0,17.0,79.04,0.9354953248905197,nan,meg_to_eeg,matched_scope,83.9,83.9,nan,3.0,16.5,79.28,0.9449344457687723,nan
eeg_sub01_to_meg_sub03_test.txt,eeg,1,meg,3,test,pair,shared-eeg-meg,True,200,checkpoints\experiments\brain-to-clip-v1\conversion\shared-eeg-meg\eeg\eeg_brainalign_sub01_best.pt,checkpoints\experiments\brain-to-clip-v1\conversion\shared-eeg-meg\meg\meg_brainalign_sub03_temporalcnn_best.pt,eeg_to_meg,matched_scope,81.08,81.08,nan,0.5,10.5,78.14,0.963739516526887,nan,meg_to_eeg,matched_scope,83.9,83.9,nan,2.0,11.5,76.93,0.9169249106078665,nan
eeg_sub01_to_meg_sub04_test.txt,eeg,1,meg,4,test,pair,shared-eeg-meg,True,200,checkpoints\experiments\brain-to-clip-v1\conversion\shared-eeg-meg\eeg\eeg_brainalign_sub01_best.pt,checkpoints\experiments\brain-to-clip-v1\conversion\shared-eeg-meg\meg\meg_brainalign_sub04_temporalcnn_best.pt,eeg_to_meg,matched_scope,67.3,67.3,nan,1.5,5.0,66.78,0.9922734026745914,nan,meg_to_eeg,matched_scope,83.9,83.9,nan,2.0,5.5,67.01,0.798688915375447,nan
eeg_sub02_to_meg_sub01_test.txt,eeg,2,meg,1,test,pair,shared-eeg-meg,True,200,checkpoints\experiments\brain-to-clip-v1\conversion\shared-eeg-meg\eeg\eeg_brainalign_sub02_best.pt,checkpoints\experiments\brain-to-clip-v1\conversion\shared-eeg-meg\meg\meg_brainalign_sub01_temporalcnn_best.pt,eeg_to_meg,matched_scope,75.68,75.68,nan,2.0,7.0,68.2,0.9011627906976744,nan,meg_to_eeg,matched_scope,85.41,85.41,nan,3.0,9.5,69.44,0.8130195527455801,nan
eeg_sub02_to_meg_sub02_test.txt,eeg,2,meg,2,test,pair,shared-eeg-meg,True,200,checkpoints\experiments\brain-to-clip-v1\conversion\shared-eeg-meg\eeg\eeg_brainalign_sub02_best.pt,checkpoints\experiments\brain-to-clip-v1\conversion\shared-eeg-meg\meg\meg_brainalign_sub02_temporalcnn_best.pt,eeg_to_meg,matched_scope,84.49,84.49,nan,2.0,14.5,77.48,0.9170316013729436,nan,meg_to_eeg,matched_scope,85.41,85.41,nan,2.0,15.5,77.18,0.9036412598056435,nan
eeg_sub02_to_meg_sub03_test.txt,eeg,2,meg,3,test,pair,shared-eeg-meg,True,200,checkpoints\experiments\brain-to-clip-v1\conversion\shared-eeg-meg\eeg\eeg_brainalign_sub02_best.pt,checkpoints\experiments\brain-to-clip-v1\conversion\shared-eeg-meg\meg\meg_brainalign_sub03_temporalcnn_best.pt,eeg_to_meg,matched_scope,81.08,81.08,nan,3.0,14.0,76.6,0.9447459299457326,nan,meg_to_eeg,matched_scope,85.41,85.41,nan,2.0,15.0,76.24,0.892635522772509,nan
eeg_sub02_to_meg_sub04_test.txt,eeg,2,meg,4,test,pair,shared-eeg-meg,True,200,checkpoints\experiments\brain-to-clip-v1\conversion\shared-eeg-meg\eeg\eeg_brainalign_sub02_best.pt,checkpoints\experiments\brain-to-clip-v1\conversion\shared-eeg-meg\meg\meg_brainalign_sub04_temporalcnn_best.pt,eeg_to_meg,matched_scope,67.3,67.3,nan,2.0,4.5,65.25,0.9695393759286776,nan,meg_to_eeg,matched_scope,85.41,85.41,nan,2.5,9.0,65.22,0.763610818405339,nan
eeg_sub03_to_meg_sub01_test.txt,eeg,3,meg,1,test,pair,shared-eeg-meg,True,200,checkpoints\experiments\brain-to-clip-v1\conversion\shared-eeg-meg\eeg\eeg_brainalign_sub03_best.pt,checkpoints\experiments\brain-to-clip-v1\conversion\shared-eeg-meg\meg\meg_brainalign_sub01_temporalcnn_best.pt,eeg_to_meg,matched_scope,75.68,75.68,nan,1.0,9.0,67.96,0.8979915433403803,nan,meg_to_eeg,matched_scope,87.79,87.79,nan,2.5,8.5,68.51,0.7803850096821962,nan
eeg_sub03_to_meg_sub02_test.txt,eeg,3,meg,2,test,pair,shared-eeg-meg,True,200,checkpoints\experiments\brain-to-clip-v1\conversion\shared-eeg-meg\eeg\eeg_brainalign_sub03_best.pt,checkpoints\experiments\brain-to-clip-v1\conversion\shared-eeg-meg\meg\meg_brainalign_sub02_temporalcnn_best.pt,eeg_to_meg,matched_scope,84.49,84.49,nan,3.5,12.5,80.29,0.9502899751449877,nan,meg_to_eeg,matched_scope,87.79,87.79,nan,5.0,15.5,80.83,0.9207198997607927,nan
eeg_sub03_to_meg_sub03_test.txt,eeg,3,meg,3,test,pair,shared-eeg-meg,True,200,checkpoints\experiments\brain-to-clip-v1\conversion\shared-eeg-meg\eeg\eeg_brainalign_sub03_best.pt,checkpoints\experiments\brain-to-clip-v1\conversion\shared-eeg-meg\meg\meg_brainalign_sub03_temporalcnn_best.pt,eeg_to_meg,matched_scope,81.08,81.08,nan,1.5,9.0,74.99,0.9248889985199802,nan,meg_to_eeg,matched_scope,87.79,87.79,nan,6.0,12.0,75.28,0.857500854311425,nan
eeg_sub03_to_meg_sub04_test.txt,eeg,3,meg,4,test,pair,shared-eeg-meg,True,200,checkpoints\experiments\brain-to-clip-v1\conversion\shared-eeg-meg\eeg\eeg_brainalign_sub03_best.pt,checkpoints\experiments\brain-to-clip-v1\conversion\shared-eeg-meg\meg\meg_brainalign_sub04_temporalcnn_best.pt,eeg_to_meg,matched_scope,67.3,67.3,nan,2.0,6.5,66.83,0.9930163447251115,nan,meg_to_eeg,matched_scope,87.79,87.79,nan,1.0,6.0,66.4,0.7563503815924365,nan
eeg_sub04_to_meg_sub01_test.txt,eeg,4,meg,1,test,pair,shared-eeg-meg,True,200,checkpoints\experiments\brain-to-clip-v1\conversion\shared-eeg-meg\eeg\eeg_brainalign_sub04_best.pt,checkpoints\experiments\brain-to-clip-v1\conversion\shared-eeg-meg\meg\meg_brainalign_sub01_temporalcnn_best.pt,eeg_to_meg,matched_scope,75.68,75.68,nan,2.0,6.0,69.07,0.9126585623678645,nan,meg_to_eeg,matched_scope,87.87,87.87,nan,2.0,10.5,68.89,0.7839990895641288,nan
eeg_sub04_to_meg_sub02_test.txt,eeg,4,meg,2,test,pair,shared-eeg-meg,True,200,checkpoints\experiments\brain-to-clip-v1\conversion\shared-eeg-meg\eeg\eeg_brainalign_sub04_best.pt,checkpoints\experiments\brain-to-clip-v1\conversion\shared-eeg-meg\meg\meg_brainalign_sub02_temporalcnn_best.pt,eeg_to_meg,matched_scope,84.49,84.49,nan,4.0,15.5,78.95,0.934430110072198,nan,meg_to_eeg,matched_scope,87.87,87.87,nan,5.0,12.5,79.26,0.902014339364971,nan
eeg_sub04_to_meg_sub03_test.txt,eeg,4,meg,3,test,pair,shared-eeg-meg,True,200,checkpoints\experiments\brain-to-clip-v1\conversion\shared-eeg-meg\eeg\eeg_brainalign_sub04_best.pt,checkpoints\experiments\brain-to-clip-v1\conversion\shared-eeg-meg\meg\meg_brainalign_sub03_temporalcnn_best.pt,eeg_to_meg,matched_scope,81.08,81.08,nan,1.5,14.0,76.36,0.9417858904785398,nan,meg_to_eeg,matched_scope,87.87,87.87,nan,2.5,11.5,76.75,0.8734494139069079,nan
eeg_sub04_to_meg_sub04_test.txt,eeg,4,meg,4,test,pair,shared-eeg-meg,True,200,checkpoints\experiments\brain-to-clip-v1\conversion\shared-eeg-meg\eeg\eeg_brainalign_sub04_best.pt,checkpoints\experiments\brain-to-clip-v1\conversion\shared-eeg-meg\meg\meg_brainalign_sub04_temporalcnn_best.pt,eeg_to_meg,matched_scope,67.3,67.3,nan,2.5,6.0,66.26,0.9845468053491829,nan,meg_to_eeg,matched_scope,87.87,87.87,nan,0.5,5.0,66.13,0.752589052008649,nan
eeg_sub05_to_meg_sub01_test.txt,eeg,5,meg,1,test,pair,shared-eeg-meg,True,200,checkpoints\experiments\brain-to-clip-v1\conversion\shared-eeg-meg\eeg\eeg_brainalign_sub05_best.pt,checkpoints\experiments\brain-to-clip-v1\conversion\shared-eeg-meg\meg\meg_brainalign_sub01_temporalcnn_best.pt,eeg_to_meg,matched_scope,75.68,75.68,nan,1.0,7.0,66.39,0.8772463002114165,nan,meg_to_eeg,matched_scope,79.07,79.07,nan,1.5,6.0,66.22,0.8374857721006703,nan
eeg_sub05_to_meg_sub02_test.txt,eeg,5,meg,2,test,pair,shared-eeg-meg,True,200,checkpoints\experiments\brain-to-clip-v1\conversion\shared-eeg-meg\eeg\eeg_brainalign_sub05_best.pt,checkpoints\experiments\brain-to-clip-v1\conversion\shared-eeg-meg\meg\meg_brainalign_sub02_temporalcnn_best.pt,eeg_to_meg,matched_scope,84.49,84.49,nan,2.0,15.0,76.03,0.8998698070777608,nan,meg_to_eeg,matched_scope,79.07,79.07,nan,4.0,17.5,76.44,0.9667383331225496,nan
eeg_sub05_to_meg_sub03_test.txt,eeg,5,meg,3,test,pair,shared-eeg-meg,True,200,checkpoints\experiments\brain-to-clip-v1\conversion\shared-eeg-meg\eeg\eeg_brainalign_sub05_best.pt,checkpoints\experiments\brain-to-clip-v1\conversion\shared-eeg-meg\meg\meg_brainalign_sub03_temporalcnn_best.pt,eeg_to_meg,matched_scope,81.08,81.08,nan,2.0,9.5,73.44,0.9057720769610261,nan,meg_to_eeg,matched_scope,79.07,79.07,nan,3.0,10.0,73.1,0.9244972808903503,nan
eeg_sub05_to_meg_sub04_test.txt,eeg,5,meg,4,test,pair,shared-eeg-meg,True,200,checkpoints\experiments\brain-to-clip-v1\conversion\shared-eeg-meg\eeg\eeg_brainalign_sub05_best.pt,checkpoints\experiments\brain-to-clip-v1\conversion\shared-eeg-meg\meg\meg_brainalign_sub04_temporalcnn_best.pt,eeg_to_meg,matched_scope,67.3,67.3,nan,0.5,5.0,64.43,0.9573551263001487,nan,meg_to_eeg,matched_scope,79.07,79.07,nan,0.5,4.5,63.34,0.8010623498166183,nan
eeg_sub06_to_meg_sub01_test.txt,eeg,6,meg,1,test,pair,shared-eeg-meg,True,200,checkpoints\experiments\brain-to-clip-v1\conversion\shared-eeg-meg\eeg\eeg_brainalign_sub06_best.pt,checkpoints\experiments\brain-to-clip-v1\conversion\shared-eeg-meg\meg\meg_brainalign_sub01_temporalcnn_best.pt,eeg_to_meg,matched_scope,75.68,75.68,nan,1.5,9.5,65.79,0.8693181818181818,nan,meg_to_eeg,matched_scope,87.95,87.95,nan,2.0,9.5,66.81,0.7596361569073337,nan
eeg_sub06_to_meg_sub02_test.txt,eeg,6,meg,2,test,pair,shared-eeg-meg,True,200,checkpoints\experiments\brain-to-clip-v1\conversion\shared-eeg-meg\eeg\eeg_brainalign_sub06_best.pt,checkpoints\experiments\brain-to-clip-v1\conversion\shared-eeg-meg\meg\meg_brainalign_sub02_temporalcnn_best.pt,eeg_to_meg,matched_scope,84.49,84.49,nan,4.0,17.0,80.21,0.9493431175287016,nan,meg_to_eeg,matched_scope,87.95,87.95,nan,5.0,15.0,79.55,0.9044911881750994,nan
eeg_sub06_to_meg_sub03_test.txt,eeg,6,meg,3,test,pair,shared-eeg-meg,True,200,checkpoints\experiments\brain-to-clip-v1\conversion\shared-eeg-meg\eeg\eeg_brainalign_sub06_best.pt,checkpoints\experiments\brain-to-clip-v1\conversion\shared-eeg-meg\meg\meg_brainalign_sub03_temporalcnn_best.pt,eeg_to_meg,matched_scope,81.08,81.08,nan,3.5,15.0,77.11,0.9510360138135175,nan,meg_to_eeg,matched_scope,87.95,87.95,nan,4.0,12.5,76.97,0.87515633882888,nan
eeg_sub06_to_meg_sub04_test.txt,eeg,6,meg,4,test,pair,shared-eeg-meg,True,200,checkpoints\experiments\brain-to-clip-v1\conversion\shared-eeg-meg\eeg\eeg_brainalign_sub06_best.pt,checkpoints\experiments\brain-to-clip-v1\conversion\shared-eeg-meg\meg\meg_brainalign_sub04_temporalcnn_best.pt,eeg_to_meg,matched_scope,67.3,67.3,nan,1.5,4.5,64.5,0.9583952451708767,nan,meg_to_eeg,matched_scope,87.95,87.95,nan,1.5,6.5,64.23,0.7303013075611143,nan
eeg_sub07_to_meg_sub01_test.txt,eeg,7,meg,1,test,pair,shared-eeg-meg,True,200,checkpoints\experiments\brain-to-clip-v1\conversion\shared-eeg-meg\eeg\eeg_brainalign_sub07_best.pt,checkpoints\experiments\brain-to-clip-v1\conversion\shared-eeg-meg\meg\meg_brainalign_sub01_temporalcnn_best.pt,eeg_to_meg,matched_scope,75.68,75.68,nan,2.0,10.0,71.34,0.9426532769556025,nan,meg_to_eeg,matched_scope,86.03,86.03,nan,3.5,7.0,71.61,0.8323840520748575,nan
eeg_sub07_to_meg_sub02_test.txt,eeg,7,meg,2,test,pair,shared-eeg-meg,True,200,checkpoints\experiments\brain-to-clip-v1\conversion\shared-eeg-meg\eeg\eeg_brainalign_sub07_best.pt,checkpoints\experiments\brain-to-clip-v1\conversion\shared-eeg-meg\meg\meg_brainalign_sub02_temporalcnn_best.pt,eeg_to_meg,matched_scope,84.49,84.49,nan,3.0,15.5,78.89,0.9337199668599835,nan,meg_to_eeg,matched_scope,86.03,86.03,nan,6.0,17.5,78.42,0.9115424851795885,nan
eeg_sub07_to_meg_sub03_test.txt,eeg,7,meg,3,test,pair,shared-eeg-meg,True,200,checkpoints\experiments\brain-to-clip-v1\conversion\shared-eeg-meg\eeg\eeg_brainalign_sub07_best.pt,checkpoints\experiments\brain-to-clip-v1\conversion\shared-eeg-meg\meg\meg_brainalign_sub03_temporalcnn_best.pt,eeg_to_meg,matched_scope,81.08,81.08,nan,3.0,12.5,78.73,0.9710162802170696,nan,meg_to_eeg,matched_scope,86.03,86.03,nan,2.5,13.5,79.7,0.9264210159246774,nan
eeg_sub07_to_meg_sub04_test.txt,eeg,7,meg,4,test,pair,shared-eeg-meg,True,200,checkpoints\experiments\brain-to-clip-v1\conversion\shared-eeg-meg\eeg\eeg_brainalign_sub07_best.pt,checkpoints\experiments\brain-to-clip-v1\conversion\shared-eeg-meg\meg\meg_brainalign_sub04_temporalcnn_best.pt,eeg_to_meg,matched_scope,67.3,67.3,nan,1.5,5.5,65.49,0.9731054977711738,nan,meg_to_eeg,matched_scope,86.03,86.03,nan,1.0,5.5,65.44,0.7606648843426711,nan
eeg_sub08_to_meg_sub01_test.txt,eeg,8,meg,1,test,pair,shared-eeg-meg,True,200,checkpoints\experiments\brain-to-clip-v1\conversion\shared-eeg-meg\eeg\eeg_brainalign_sub08_best.pt,checkpoints\experiments\brain-to-clip-v1\conversion\shared-eeg-meg\meg\meg_brainalign_sub01_temporalcnn_best.pt,eeg_to_meg,matched_scope,75.68,75.68,nan,4.0,11.5,70.63,0.9332716701902747,nan,meg_to_eeg,matched_scope,89.51,89.51,nan,2.5,8.0,70.94,0.7925371466875208,nan
eeg_sub08_to_meg_sub02_test.txt,eeg,8,meg,2,test,pair,shared-eeg-meg,True,200,checkpoints\experiments\brain-to-clip-v1\conversion\shared-eeg-meg\eeg\eeg_brainalign_sub08_best.pt,checkpoints\experiments\brain-to-clip-v1\conversion\shared-eeg-meg\meg\meg_brainalign_sub02_temporalcnn_best.pt,eeg_to_meg,matched_scope,84.49,84.49,nan,6.0,23.0,83.17,0.9843768493312819,nan,meg_to_eeg,matched_scope,89.51,89.51,nan,6.0,20.5,83.24,0.9299519606747848,nan
eeg_sub08_to_meg_sub03_test.txt,eeg,8,meg,3,test,pair,shared-eeg-meg,True,200,checkpoints\experiments\brain-to-clip-v1\conversion\shared-eeg-meg\eeg\eeg_brainalign_sub08_best.pt,checkpoints\experiments\brain-to-clip-v1\conversion\shared-eeg-meg\meg\meg_brainalign_sub03_temporalcnn_best.pt,eeg_to_meg,matched_scope,81.08,81.08,nan,4.5,14.5,78.99,0.9742229896398619,nan,meg_to_eeg,matched_scope,89.51,89.51,nan,5.0,16.0,78.62,0.878337615908837,nan
eeg_sub08_to_meg_sub04_test.txt,eeg,8,meg,4,test,pair,shared-eeg-meg,True,200,checkpoints\experiments\brain-to-clip-v1\conversion\shared-eeg-meg\eeg\eeg_brainalign_sub08_best.pt,checkpoints\experiments\brain-to-clip-v1\conversion\shared-eeg-meg\meg\meg_brainalign_sub04_temporalcnn_best.pt,eeg_to_meg,matched_scope,67.3,67.3,nan,3.0,6.5,66.41,0.9867756315007429,nan,meg_to_eeg,matched_scope,89.51,89.51,nan,1.0,6.5,65.66,0.7335493240978661,nan
eeg_sub09_to_meg_sub01_test.txt,eeg,9,meg,1,test,pair,shared-eeg-meg,True,200,checkpoints\experiments\brain-to-clip-v1\conversion\shared-eeg-meg\eeg\eeg_brainalign_sub09_best.pt,checkpoints\experiments\brain-to-clip-v1\conversion\shared-eeg-meg\meg\meg_brainalign_sub01_temporalcnn_best.pt,eeg_to_meg,matched_scope,75.68,75.68,nan,0.5,7.0,66.62,0.8802854122621564,nan,meg_to_eeg,matched_scope,82.37,82.37,nan,1.5,5.0,67.38,0.8180162680587592,nan
eeg_sub09_to_meg_sub02_test.txt,eeg,9,meg,2,test,pair,shared-eeg-meg,True,200,checkpoints\experiments\brain-to-clip-v1\conversion\shared-eeg-meg\eeg\eeg_brainalign_sub09_best.pt,checkpoints\experiments\brain-to-clip-v1\conversion\shared-eeg-meg\meg\meg_brainalign_sub02_temporalcnn_best.pt,eeg_to_meg,matched_scope,84.49,84.49,nan,3.0,13.5,77.94,0.9224760326665878,nan,meg_to_eeg,matched_scope,82.37,82.37,nan,3.5,15.5,77.81,0.9446400388490955,nan
eeg_sub09_to_meg_sub03_test.txt,eeg,9,meg,3,test,pair,shared-eeg-meg,True,200,checkpoints\experiments\brain-to-clip-v1\conversion\shared-eeg-meg\eeg\eeg_brainalign_sub09_best.pt,checkpoints\experiments\brain-to-clip-v1\conversion\shared-eeg-meg\meg\meg_brainalign_sub03_temporalcnn_best.pt,eeg_to_meg,matched_scope,81.08,81.08,nan,1.5,10.5,72.92,0.8993586581154416,nan,meg_to_eeg,matched_scope,82.37,82.37,nan,2.5,11.5,72.84,0.8843025373315527,nan
eeg_sub09_to_meg_sub04_test.txt,eeg,9,meg,4,test,pair,shared-eeg-meg,True,200,checkpoints\experiments\brain-to-clip-v1\conversion\shared-eeg-meg\eeg\eeg_brainalign_sub09_best.pt,checkpoints\experiments\brain-to-clip-v1\conversion\shared-eeg-meg\meg\meg_brainalign_sub04_temporalcnn_best.pt,eeg_to_meg,matched_scope,67.3,67.3,nan,1.0,8.0,64.81,0.9630014858841011,nan,meg_to_eeg,matched_scope,82.37,82.37,nan,1.0,7.5,64.42,0.7820808546801019,nan
eeg_sub10_to_meg_sub01_test.txt,eeg,10,meg,1,test,pair,shared-eeg-meg,True,200,checkpoints\experiments\brain-to-clip-v1\conversion\shared-eeg-meg\eeg\eeg_brainalign_sub10_best.pt,checkpoints\experiments\brain-to-clip-v1\conversion\shared-eeg-meg\meg\meg_brainalign_sub01_temporalcnn_best.pt,eeg_to_meg,matched_scope,75.68,75.68,nan,2.0,13.5,71.93,0.9504492600422833,nan,meg_to_eeg,matched_scope,91.66,91.66,nan,2.5,11.5,72.47,0.7906393192232163,nan
eeg_sub10_to_meg_sub02_test.txt,eeg,10,meg,2,test,pair,shared-eeg-meg,True,200,checkpoints\experiments\brain-to-clip-v1\conversion\shared-eeg-meg\eeg\eeg_brainalign_sub10_best.pt,checkpoints\experiments\brain-to-clip-v1\conversion\shared-eeg-meg\meg\meg_brainalign_sub02_temporalcnn_best.pt,eeg_to_meg,matched_scope,84.49,84.49,nan,7.5,21.5,81.49,0.9644928393892769,nan,meg_to_eeg,matched_scope,91.66,91.66,nan,7.5,22.0,82.18,0.8965742963124592,nan
eeg_sub10_to_meg_sub03_test.txt,eeg,10,meg,3,test,pair,shared-eeg-meg,True,200,checkpoints\experiments\brain-to-clip-v1\conversion\shared-eeg-meg\eeg\eeg_brainalign_sub10_best.pt,checkpoints\experiments\brain-to-clip-v1\conversion\shared-eeg-meg\meg\meg_brainalign_sub03_temporalcnn_best.pt,eeg_to_meg,matched_scope,81.08,81.08,nan,5.0,18.0,82.28,1.0148001973359646,nan,meg_to_eeg,matched_scope,91.66,91.66,nan,4.5,16.5,83.17,0.9073750818241327,nan
eeg_sub10_to_meg_sub04_test.txt,eeg,10,meg,4,test,pair,shared-eeg-meg,True,200,checkpoints\experiments\brain-to-clip-v1\conversion\shared-eeg-meg\eeg\eeg_brainalign_sub10_best.pt,checkpoints\experiments\brain-to-clip-v1\conversion\shared-eeg-meg\meg\meg_brainalign_sub04_temporalcnn_best.pt,eeg_to_meg,matched_scope,67.3,67.3,nan,1.0,5.0,66.05,0.9814264487369985,nan,meg_to_eeg,matched_scope,91.66,91.66,nan,1.0,7.0,65.82,0.7180885882609643,nan
